"都道府県コード","都道府県名","元号","和暦（年）","西暦（年）","注","人口（総数）","人口（男）","人口（女）"
"00","全国","大正",9,1920,"",55963053,28044185,27918868
"01","北海道","大正",9,1920,"",2359183,1244322,1114861
"02","青森県","大正",9,1920,"",756454,381293,375161
"03","岩手県","大正",9,1920,"",845540,421069,424471
"04","宮城県","大正",9,1920,"",961768,485309,476459
"05","秋田県","大正",9,1920,"",898537,453682,444855
"06","山形県","大正",9,1920,"",968925,478328,490597
"07","福島県","大正",9,1920,"",1362750,673525,689225
"08","茨城県","大正",9,1920,"",1350400,662128,688272
"09","栃木県","大正",9,1920,"",1046479,514255,532224
"10","群馬県","大正",9,1920,"",1052610,514106,538504
"11","埼玉県","大正",9,1920,"",1319533,641161,678372
"12","千葉県","大正",9,1920,"",1336155,656968,679187
"13","東京都","大正",9,1920,"",3699428,1952989,1746439
"14","神奈川県","大正",9,1920,"",1323390,689751,633639
"15","新潟県","大正",9,1920,"",1776474,871532,904942
"16","富山県","大正",9,1920,"",724276,354775,369501
"17","石川県","大正",9,1920,"",747360,364375,382985
"18","福井県","大正",9,1920,"",599155,293181,305974
"19","山梨県","大正",9,1920,"",583453,290817,292636
"20","長野県","大正",9,1920,"",1562722,758639,804083
"21","岐阜県","大正",9,1920,"",1070407,536334,534073
"22","静岡県","大正",9,1920,"",1550387,774169,776218
"23","愛知県","大正",9,1920,"",2089762,1033860,1055902
"24","三重県","大正",9,1920,"",1069270,525957,543313
"25","滋賀県","大正",9,1920,"",651050,313737,337313
"26","京都府","大正",9,1920,"",1287147,650780,636367
"27","大阪府","大正",9,1920,"",2587847,1344846,1243001
"28","兵庫県","大正",9,1920,"",2301799,1175426,1126373
"29","奈良県","大正",9,1920,"",564607,280383,284224
"30","和歌山県","大正",9,1920,"",750411,372058,378353
"31","鳥取県","大正",9,1920,"",454675,222802,231873
"32","島根県","大正",9,1920,"",714712,354959,359753
"33","岡山県","大正",9,1920,"",1217698,605316,612382
"34","広島県","大正",9,1920,"",1541905,775080,766825
"35","山口県","大正",9,1920,"",1041013,521041,519972
"36","徳島県","大正",9,1920,"",670212,331768,338444
"37","香川県","大正",9,1920,"",677852,336195,341657
"38","愛媛県","大正",9,1920,"",1046720,515389,531331
"39","高知県","大正",9,1920,"",670895,332087,338808
"40","福岡県","大正",9,1920,"",2188249,1116818,1071431
"41","佐賀県","大正",9,1920,"",673895,329962,343933
"42","長崎県","大正",9,1920,"",1136182,584234,551948
"43","熊本県","大正",9,1920,"",1233233,602389,630844
"44","大分県","大正",9,1920,"",860282,422708,437574
"45","宮崎県","大正",9,1920,"",651097,326610,324487
"46","鹿児島県","大正",9,1920,"",1415582,682243,733339
"47","沖縄県","大正",9,1920,"",571572,274829,296743
"00","全国","大正",14,1925,"",59736822,30013109,29723713
"01","北海道","大正",14,1925,"",2498679,1305473,1193206
"02","青森県","大正",14,1925,"",812977,408770,404207
"03","岩手県","大正",14,1925,"",900984,448637,452347
"04","宮城県","大正",14,1925,"",1044036,525191,518845
"05","秋田県","大正",14,1925,"",936408,470737,465671
"06","山形県","大正",14,1925,"",1027297,506303,520994
"07","福島県","大正",14,1925,"",1437596,710606,726990
"08","茨城県","大正",14,1925,"",1409092,693837,715255
"09","栃木県","大正",14,1925,"",1090428,536259,554169
"10","群馬県","大正",14,1925,"",1118858,548633,570225
"11","埼玉県","大正",14,1925,"",1394461,682052,712409
"12","千葉県","大正",14,1925,"",1399257,691242,708015
"13","東京都","大正",14,1925,"",4485144,2387609,2097535
"14","神奈川県","大正",14,1925,"",1416792,739699,677093
"15","新潟県","大正",14,1925,"",1849807,913886,935921
"16","富山県","大正",14,1925,"",749243,368593,380650
"17","石川県","大正",14,1925,"",750854,365597,385257
"18","福井県","大正",14,1925,"",597899,293039,304860
"19","山梨県","大正",14,1925,"",600675,300289,300386
"20","長野県","大正",14,1925,"",1629217,793875,835342
"21","岐阜県","大正",14,1925,"",1132557,567837,564720
"22","静岡県","大正",14,1925,"",1671217,835521,835696
"23","愛知県","大正",14,1925,"",2319494,1150325,1169169
"24","三重県","大正",14,1925,"",1107692,544752,562940
"25","滋賀県","大正",14,1925,"",662412,321071,341341
"26","京都府","大正",14,1925,"",1406382,717464,688918
"27","大阪府","大正",14,1925,"",3059502,1594227,1465275
"28","兵庫県","大正",14,1925,"",2454679,1239326,1215353
"29","奈良県","大正",14,1925,"",583828,289770,294058
"30","和歌山県","大正",14,1925,"",787511,392191,395320
"31","鳥取県","大正",14,1925,"",472230,230580,241650
"32","島根県","大正",14,1925,"",722402,359987,362415
"33","岡山県","大正",14,1925,"",1238447,613619,624828
"34","広島県","大正",14,1925,"",1617680,818266,799414
"35","山口県","大正",14,1925,"",1094544,552793,541751
"36","徳島県","大正",14,1925,"",689814,344550,345264
"37","香川県","大正",14,1925,"",700308,351911,348397
"38","愛媛県","大正",14,1925,"",1096366,542271,554095
"39","高知県","大正",14,1925,"",687478,341687,345791
"40","福岡県","大正",14,1925,"",2301668,1166165,1135503
"41","佐賀県","大正",14,1925,"",684831,336223,348608
"42","長崎県","大正",14,1925,"",1163945,593472,570473
"43","熊本県","大正",14,1925,"",1296086,637753,658333
"44","大分県","大正",14,1925,"",915136,451298,463838
"45","宮崎県","大正",14,1925,"",691094,348088,343006
"46","鹿児島県","大正",14,1925,"",1472193,713702,758491
"47","沖縄県","大正",14,1925,"",557622,267933,289689
"00","全国","昭和",5,1930,"",64450005,32390155,32059850
"01","北海道","昭和",5,1930,"",2812335,1468540,1343795
"02","青森県","昭和",5,1930,"",879914,441441,438473
"03","岩手県","昭和",5,1930,"",975771,486925,488846
"04","宮城県","昭和",5,1930,"",1142784,575335,567449
"05","秋田県","昭和",5,1930,"",987706,495009,492697
"06","山形県","昭和",5,1930,"",1080034,532377,547657
"07","福島県","昭和",5,1930,"",1508150,742342,765808
"08","茨城県","昭和",5,1930,"",1487097,734059,753038
"09","栃木県","昭和",5,1930,"",1141737,562839,578898
"10","群馬県","昭和",5,1930,"",1186080,581007,605073
"11","埼玉県","昭和",5,1930,"",1459172,718779,740393
"12","千葉県","昭和",5,1930,"",1470121,729439,740682
"13","東京都","昭和",5,1930,"",5408678,2855323,2553355
"14","神奈川県","昭和",5,1930,"",1619606,839309,780297
"15","新潟県","昭和",5,1930,"",1933326,955621,977705
"16","富山県","昭和",5,1930,"",778953,381809,397144
"17","石川県","昭和",5,1930,"",756835,368402,388433
"18","福井県","昭和",5,1930,"",618144,304525,313619
"19","山梨県","昭和",5,1930,"",631042,315327,315715
"20","長野県","昭和",5,1930,"",1717118,832312,884806
"21","岐阜県","昭和",5,1930,"",1178405,591049,587356
"22","静岡県","昭和",5,1930,"",1797805,900640,897165
"23","愛知県","昭和",5,1930,"",2567413,1277720,1289693
"24","三重県","昭和",5,1930,"",1157407,571000,586407
"25","滋賀県","昭和",5,1930,"",691631,337016,354615
"26","京都府","昭和",5,1930,"",1552832,792420,760412
"27","大阪府","昭和",5,1930,"",3540017,1845786,1694231
"28","兵庫県","昭和",5,1930,"",2646301,1332918,1313383
"29","奈良県","昭和",5,1930,"",596225,295456,300769
"30","和歌山県","昭和",5,1930,"",830748,415035,415713
"31","鳥取県","昭和",5,1930,"",489266,239084,250182
"32","島根県","昭和",5,1930,"",739507,368888,370619
"33","岡山県","昭和",5,1930,"",1283962,637965,645997
"34","広島県","昭和",5,1930,"",1692136,856737,835399
"35","山口県","昭和",5,1930,"",1135637,571642,563995
"36","徳島県","昭和",5,1930,"",716544,356958,359586
"37","香川県","昭和",5,1930,"",732816,368442,364374
"38","愛媛県","昭和",5,1930,"",1142122,564699,577423
"39","高知県","昭和",5,1930,"",718152,357166,360986
"40","福岡県","昭和",5,1930,"",2527119,1280624,1246495
"41","佐賀県","昭和",5,1930,"",691565,337996,353569
"42","長崎県","昭和",5,1930,"",1233362,630525,602837
"43","熊本県","昭和",5,1930,"",1353993,664106,689887
"44","大分県","昭和",5,1930,"",945771,465994,479777
"45","宮崎県","昭和",5,1930,"",760467,383128,377339
"46","鹿児島県","昭和",5,1930,"",1556690,753644,803046
"47","沖縄県","昭和",5,1930,"",577509,272797,304712
"00","全国","昭和",10,1935,"",69254148,34734133,34520015
"01","北海道","昭和",10,1935,"",3068282,1593845,1474437
"02","青森県","昭和",10,1935,"",967129,484277,482852
"03","岩手県","昭和",10,1935,"",1046111,519485,526626
"04","宮城県","昭和",10,1935,"",1234801,622973,611828
"05","秋田県","昭和",10,1935,"",1037744,519249,518495
"06","山形県","昭和",10,1935,"",1116822,549060,567762
"07","福島県","昭和",10,1935,"",1581563,778732,802831
"08","茨城県","昭和",10,1935,"",1548991,766423,782568
"09","栃木県","昭和",10,1935,"",1195057,588545,606512
"10","群馬県","昭和",10,1935,"",1242453,606779,635674
"11","埼玉県","昭和",10,1935,"",1528854,753802,775052
"12","千葉県","昭和",10,1935,"",1546394,764751,781643
"13","東京都","昭和",10,1935,"",6369919,3325696,3044223
"14","神奈川県","昭和",10,1935,"",1840005,951348,888657
"15","新潟県","昭和",10,1935,"",1995777,982497,1013280
"16","富山県","昭和",10,1935,"",798890,388771,410119
"17","石川県","昭和",10,1935,"",768416,370907,397509
"18","福井県","昭和",10,1935,"",646659,316424,330235
"19","山梨県","昭和",10,1935,"",646727,319924,326803
"20","長野県","昭和",10,1935,"",1714000,840103,873897
"21","岐阜県","昭和",10,1935,"",1225799,612366,613433
"22","静岡県","昭和",10,1935,"",1939860,966250,973610
"23","愛知県","昭和",10,1935,"",2862701,1418218,1444483
"24","三重県","昭和",10,1935,"",1174595,572356,602239
"25","滋賀県","昭和",10,1935,"",711436,345185,366251
"26","京都府","昭和",10,1935,"",1702508,862998,839510
"27","大阪府","昭和",10,1935,"",4297174,2241666,2055508
"28","兵庫県","昭和",10,1935,"",2923249,1466284,1456965
"29","奈良県","昭和",10,1935,"",620471,306011,314460
"30","和歌山県","昭和",10,1935,"",864087,428638,435449
"31","鳥取県","昭和",10,1935,"",490461,239301,251160
"32","島根県","昭和",10,1935,"",747119,373292,373827
"33","岡山県","昭和",10,1935,"",1332647,658773,673874
"34","広島県","昭和",10,1935,"",1804916,914185,890731
"35","山口県","昭和",10,1935,"",1190542,598434,592108
"36","徳島県","昭和",10,1935,"",728748,362042,366706
"37","香川県","昭和",10,1935,"",748656,373522,375134
"38","愛媛県","昭和",10,1935,"",1164898,575627,589271
"39","高知県","昭和",10,1935,"",714980,355225,359755
"40","福岡県","昭和",10,1935,"",2755804,1392799,1363005
"41","佐賀県","昭和",10,1935,"",686117,332764,353353
"42","長崎県","昭和",10,1935,"",1296883,662174,634709
"43","熊本県","昭和",10,1935,"",1387054,680409,706645
"44","大分県","昭和",10,1935,"",980458,481549,498909
"45","宮崎県","昭和",10,1935,"",824431,416082,408349
"46","鹿児島県","昭和",10,1935,"",1591466,773126,818340
"47","沖縄県","昭和",10,1935,"",592494,281266,311228
"00","全国","昭和",15,1940,"",73114308,36566010,36548298
"01","北海道","昭和",15,1940,"",3272718,1695600,1577118
"02","青森県","昭和",15,1940,"",1000509,496614,503895
"03","岩手県","昭和",15,1940,"",1095793,544276,551517
"04","宮城県","昭和",15,1940,"",1271238,637888,633350
"05","秋田県","昭和",15,1940,"",1052275,524018,528257
"06","山形県","昭和",15,1940,"",1119338,548404,570934
"07","福島県","昭和",15,1940,"",1625521,799788,825733
"08","茨城県","昭和",15,1940,"",1620000,801914,818086
"09","栃木県","昭和",15,1940,"",1206657,591599,615058
"10","群馬県","昭和",15,1940,"",1299027,637708,661319
"11","埼玉県","昭和",15,1940,"",1608039,798321,809718
"12","千葉県","昭和",15,1940,"",1588425,776541,811884
"13","東京都","昭和",15,1940,"",7354971,3795875,3559096
"14","神奈川県","昭和",15,1940,"",2188974,1137936,1051038
"15","新潟県","昭和",15,1940,"",2064402,1017080,1047322
"16","富山県","昭和",15,1940,"",822569,401261,421308
"17","石川県","昭和",15,1940,"",757676,363922,393754
"18","福井県","昭和",15,1940,"",643904,312075,331829
"19","山梨県","昭和",15,1940,"",663026,328056,334970
"20","長野県","昭和",15,1940,"",1710729,833987,876742
"21","岐阜県","昭和",15,1940,"",1265024,632820,632204
"22","静岡県","昭和",15,1940,"",2017860,996813,1021047
"23","愛知県","昭和",15,1940,"",3166592,1582580,1584012
"24","三重県","昭和",15,1940,"",1198783,585427,613356
"25","滋賀県","昭和",15,1940,"",703679,341631,362048
"26","京都府","昭和",15,1940,"",1729993,863494,866499
"27","大阪府","昭和",15,1940,"",4792966,2460574,2332392
"28","兵庫県","昭和",15,1940,"",3221232,1622778,1598454
"29","奈良県","昭和",15,1940,"",620509,305681,314828
"30","和歌山県","昭和",15,1940,"",865074,427217,437857
"31","鳥取県","昭和",15,1940,"",484390,233964,250426
"32","島根県","昭和",15,1940,"",740940,367855,373085
"33","岡山県","昭和",15,1940,"",1329358,651197,678161
"34","広島県","昭和",15,1940,"",1869504,936936,932568
"35","山口県","昭和",15,1940,"",1294242,658265,635977
"36","徳島県","昭和",15,1940,"",718717,354423,364294
"37","香川県","昭和",15,1940,"",730394,359139,371255
"38","愛媛県","昭和",15,1940,"",1178705,580839,597866
"39","高知県","昭和",15,1940,"",709286,348907,360379
"40","福岡県","昭和",15,1940,"",3094132,1577063,1517069
"41","佐賀県","昭和",15,1940,"",701517,343047,358470
"42","長崎県","昭和",15,1940,"",1370063,698627,671436
"43","熊本県","昭和",15,1940,"",1368179,666886,701293
"44","大分県","昭和",15,1940,"",972975,473521,499454
"45","宮崎県","昭和",15,1940,"",840357,417180,423177
"46","鹿児島県","昭和",15,1940,"",1589467,765603,823864
"47","沖縄県","昭和",15,1940,"",574579,270680,303899
"00","全国","昭和",20,1945,"1)",71998104,33894059,38104045
"01","北海道","昭和",20,1945,"1)",3518389,1738623,1779766
"02","青森県","昭和",20,1945,"1)",1083250,511798,571452
"03","岩手県","昭和",20,1945,"1)",1227789,579741,648048
"04","宮城県","昭和",20,1945,"1)",1462254,684453,777801
"05","秋田県","昭和",20,1945,"1)",1211871,574732,637139
"06","山形県","昭和",20,1945,"1)",1326350,612300,714050
"07","福島県","昭和",20,1945,"1)",1957356,906765,1050591
"08","茨城県","昭和",20,1945,"1)",1944344,907525,1036819
"09","栃木県","昭和",20,1945,"1)",1546355,719529,826826
"10","群馬県","昭和",20,1945,"1)",1546081,723804,822277
"11","埼玉県","昭和",20,1945,"1)",2047261,955753,1091508
"12","千葉県","昭和",20,1945,"1)",1966862,908228,1058634
"13","東京都","昭和",20,1945,"1)",3488284,1788145,1700139
"14","神奈川県","昭和",20,1945,"1)",1865667,922522,943145
"15","新潟県","昭和",20,1945,"1)",2389653,1095809,1293844
"16","富山県","昭和",20,1945,"1)",953834,442490,511344
"17","石川県","昭和",20,1945,"1)",887510,405264,482246
"18","福井県","昭和",20,1945,"1)",724856,332461,392395
"19","山梨県","昭和",20,1945,"1)",839057,384255,454802
"20","長野県","昭和",20,1945,"1)",2121050,973871,1147179
"21","岐阜県","昭和",20,1945,"1)",1518649,715800,802849
"22","静岡県","昭和",20,1945,"1)",2220358,1039175,1181183
"23","愛知県","昭和",20,1945,"1)",2857851,1357054,1500797
"24","三重県","昭和",20,1945,"1)",1394286,646954,747332
"25","滋賀県","昭和",20,1945,"1)",860911,394802,466109
"26","京都府","昭和",20,1945,"1)",1603796,752494,851302
"27","大阪府","昭和",20,1945,"1)",2800958,1353776,1447182
"28","兵庫県","昭和",20,1945,"1)",2821892,1344778,1477114
"29","奈良県","昭和",20,1945,"1)",779685,355351,424334
"30","和歌山県","昭和",20,1945,"1)",936006,430015,505991
"31","鳥取県","昭和",20,1945,"1)",563220,255525,307695
"32","島根県","昭和",20,1945,"1)",860275,395360,464915
"33","岡山県","昭和",20,1945,"1)",1564626,728314,836312
"34","広島県","昭和",20,1945,"1)",1885471,878343,1007128
"35","山口県","昭和",20,1945,"1)",1356491,638167,718324
"36","徳島県","昭和",20,1945,"1)",835763,386052,449711
"37","香川県","昭和",20,1945,"1)",863700,396235,467465
"38","愛媛県","昭和",20,1945,"1)",1361484,635305,726179
"39","高知県","昭和",20,1945,"1)",775578,357940,417638
"40","福岡県","昭和",20,1945,"1)",2746855,1304677,1442178
"41","佐賀県","昭和",20,1945,"1)",830431,379361,451070
"42","長崎県","昭和",20,1945,"1)",1318589,618861,699728
"43","熊本県","昭和",20,1945,"1)",1556490,715526,840964
"44","大分県","昭和",20,1945,"1)",1124513,520470,604043
"45","宮崎県","昭和",20,1945,"1)",913687,426201,487486
"46","鹿児島県","昭和",20,1945,"1)",1538466,699455,839011
"47","沖縄県","昭和",20,1945,"1)",-,-,-
"00","全国","昭和",25,1950,"",84114574,41241192,42873382
"01","北海道","昭和",25,1950,"",4295567,2169393,2126174
"02","青森県","昭和",25,1950,"",1282867,635547,647320
"03","岩手県","昭和",25,1950,"",1346728,664000,682728
"04","宮城県","昭和",25,1950,"",1663442,828879,834563
"05","秋田県","昭和",25,1950,"",1309031,646445,662586
"06","山形県","昭和",25,1950,"",1357347,660555,696792
"07","福島県","昭和",25,1950,"",2062394,1006823,1055571
"08","茨城県","昭和",25,1950,"",2039418,993694,1045724
"09","栃木県","昭和",25,1950,"",1550462,752266,798196
"10","群馬県","昭和",25,1950,"",1601380,778910,822470
"11","埼玉県","昭和",25,1950,"",2146445,1049695,1096750
"12","千葉県","昭和",25,1950,"",2139037,1036932,1102105
"13","東京都","昭和",25,1950,"",6277500,3169389,3108111
"14","神奈川県","昭和",25,1950,"",2487665,1247934,1239731
"15","新潟県","昭和",25,1950,"",2460997,1194929,1266068
"16","富山県","昭和",25,1950,"",1008790,488850,519940
"17","石川県","昭和",25,1950,"",957279,460859,496420
"18","福井県","昭和",25,1950,"",752374,364343,388031
"19","山梨県","昭和",25,1950,"",811369,393550,417819
"20","長野県","昭和",25,1950,"",2060831,1001192,1059639
"21","岐阜県","昭和",25,1950,"",1544538,762295,782243
"22","静岡県","昭和",25,1950,"",2471472,1206651,1264821
"23","愛知県","昭和",25,1950,"",3390585,1649189,1741396
"24","三重県","昭和",25,1950,"",1461197,704805,756392
"25","滋賀県","昭和",25,1950,"",861180,413110,448070
"26","京都府","昭和",25,1950,"",1832934,891616,941318
"27","大阪府","昭和",25,1950,"",3857047,1899745,1957302
"28","兵庫県","昭和",25,1950,"",3309935,1622755,1687180
"29","奈良県","昭和",25,1950,"",763883,368863,395020
"30","和歌山県","昭和",25,1950,"",982113,475324,506789
"31","鳥取県","昭和",25,1950,"",600177,289787,310390
"32","島根県","昭和",25,1950,"",912551,444355,468196
"33","岡山県","昭和",25,1950,"",1661099,804357,856742
"34","広島県","昭和",25,1950,"",2081967,1015955,1066012
"35","山口県","昭和",25,1950,"",1540882,760220,780662
"36","徳島県","昭和",25,1950,"",878511,427684,450827
"37","香川県","昭和",25,1950,"",946022,457980,488042
"38","愛媛県","昭和",25,1950,"",1521878,742092,779786
"39","高知県","昭和",25,1950,"",873874,425968,447906
"40","福岡県","昭和",25,1950,"",3530169,1745606,1784563
"41","佐賀県","昭和",25,1950,"",945082,455824,489258
"42","長崎県","昭和",25,1950,"",1645492,812079,833413
"43","熊本県","昭和",25,1950,"",1827582,882420,945162
"44","大分県","昭和",25,1950,"",1252999,604825,648174
"45","宮崎県","昭和",25,1950,"",1091427,535107,556320
"46","鹿児島県","昭和",25,1950,"",1804118,868963,935155
"47","沖縄県","昭和",25,1950,"",914937,429432,485505
"00","全国","昭和",30,1955,"",90076594,44242657,45833937
"01","北海道","昭和",30,1955,"",4773087,2428833,2344254
"02","青森県","昭和",30,1955,"",1382523,678837,703686
"03","岩手県","昭和",30,1955,"",1427097,698563,728534
"04","宮城県","昭和",30,1955,"",1727065,846404,880661
"05","秋田県","昭和",30,1955,"",1348871,660066,688805
"06","山形県","昭和",30,1955,"",1353649,651737,701912
"07","福島県","昭和",30,1955,"",2095237,1016756,1078481
"08","茨城県","昭和",30,1955,"",2064037,1006093,1057944
"09","栃木県","昭和",30,1955,"",1547580,749636,797944
"10","群馬県","昭和",30,1955,"",1613549,781607,831942
"11","埼玉県","昭和",30,1955,"",2262623,1110083,1152540
"12","千葉県","昭和",30,1955,"",2205060,1074181,1130879
"13","東京都","昭和",30,1955,"",8037084,4115823,3921261
"14","神奈川県","昭和",30,1955,"",2919497,1470415,1449082
"15","新潟県","昭和",30,1955,"",2473492,1195872,1277620
"16","富山県","昭和",30,1955,"",1021121,494109,527012
"17","石川県","昭和",30,1955,"",966187,463477,502710
"18","福井県","昭和",30,1955,"",754055,363770,390285
"19","山梨県","昭和",30,1955,"",807044,390205,416839
"20","長野県","昭和",30,1955,"",2021292,979004,1042288
"21","岐阜県","昭和",30,1955,"",1583605,774062,809543
"22","静岡県","昭和",30,1955,"",2650435,1301198,1349237
"23","愛知県","昭和",30,1955,"",3769209,1829729,1939480
"24","三重県","昭和",30,1955,"",1485582,717819,767763
"25","滋賀県","昭和",30,1955,"",853734,409813,443921
"26","京都府","昭和",30,1955,"",1935161,944278,990883
"27","大阪府","昭和",30,1955,"",4618308,2290170,2328138
"28","兵庫県","昭和",30,1955,"",3620947,1773488,1847459
"29","奈良県","昭和",30,1955,"",776861,377961,398900
"30","和歌山県","昭和",30,1955,"",1006819,490533,516286
"31","鳥取県","昭和",30,1955,"",614259,297015,317244
"32","島根県","昭和",30,1955,"",929066,456730,472336
"33","岡山県","昭和",30,1955,"",1689800,815837,873963
"34","広島県","昭和",30,1955,"",2149044,1047184,1101860
"35","山口県","昭和",30,1955,"",1609839,792546,817293
"36","徳島県","昭和",30,1955,"",878109,427204,450905
"37","香川県","昭和",30,1955,"",943823,456711,487112
"38","愛媛県","昭和",30,1955,"",1540628,749342,791286
"39","高知県","昭和",30,1955,"",882683,429175,453508
"40","福岡県","昭和",30,1955,"",3859764,1895365,1964399
"41","佐賀県","昭和",30,1955,"",973749,470437,503312
"42","長崎県","昭和",30,1955,"",1747596,859689,887907
"43","熊本県","昭和",30,1955,"",1895663,917171,978492
"44","大分県","昭和",30,1955,"",1277199,616402,660797
"45","宮崎県","昭和",30,1955,"",1139384,559771,579613
"46","鹿児島県","昭和",30,1955,"",2044112,985617,1058495
"47","沖縄県","昭和",30,1955,"",801065,381939,419126
"00","全国","昭和",35,1960,"2)",94301623,46300445,48001178
"01","北海道","昭和",35,1960,"2)",5039206,2544753,2494453
"02","青森県","昭和",35,1960,"2)",1426606,694037,732569
"03","岩手県","昭和",35,1960,"2)",1448517,702697,745820
"04","宮城県","昭和",35,1960,"2)",1743195,848579,894616
"05","秋田県","昭和",35,1960,"2)",1335580,644671,690909
"06","山形県","昭和",35,1960,"2)",1320664,630997,689667
"07","福島県","昭和",35,1960,"2)",2051137,986836,1064301
"08","茨城県","昭和",35,1960,"2)",2047024,1000184,1046840
"09","栃木県","昭和",35,1960,"2)",1513624,729692,783932
"10","群馬県","昭和",35,1960,"2)",1578476,759639,818837
"11","埼玉県","昭和",35,1960,"2)",2430871,1200573,1230298
"12","千葉県","昭和",35,1960,"2)",2306010,1128734,1177276
"13","東京都","昭和",35,1960,"2)",9683802,4997023,4686779
"14","神奈川県","昭和",35,1960,"2)",3443176,1746926,1696250
"15","新潟県","昭和",35,1960,"2)",2442037,1177923,1264114
"16","富山県","昭和",35,1960,"2)",1032614,500545,532069
"17","石川県","昭和",35,1960,"2)",973418,464889,508529
"18","福井県","昭和",35,1960,"2)",752696,360288,392408
"19","山梨県","昭和",35,1960,"2)",782062,379057,403005
"20","長野県","昭和",35,1960,"2)",1981433,954673,1026760
"21","岐阜県","昭和",35,1960,"2)",1638399,796825,841574
"22","静岡県","昭和",35,1960,"2)",2756271,1353122,1403149
"23","愛知県","昭和",35,1960,"2)",4206313,2064726,2141587
"24","三重県","昭和",35,1960,"2)",1485054,716715,768339
"25","滋賀県","昭和",35,1960,"2)",842695,403281,439414
"26","京都府","昭和",35,1960,"2)",1993403,973040,1020363
"27","大阪府","昭和",35,1960,"2)",5504746,2766229,2738517
"28","兵庫県","昭和",35,1960,"2)",3906487,1917887,1988600
"29","奈良県","昭和",35,1960,"2)",781058,382494,398564
"30","和歌山県","昭和",35,1960,"2)",1002191,484994,517197
"31","鳥取県","昭和",35,1960,"2)",599135,286716,312419
"32","島根県","昭和",35,1960,"2)",888886,432481,456405
"33","岡山県","昭和",35,1960,"2)",1670454,797748,872706
"34","広島県","昭和",35,1960,"2)",2184043,1058829,1125214
"35","山口県","昭和",35,1960,"2)",1602207,780439,821768
"36","徳島県","昭和",35,1960,"2)",847274,408300,438974
"37","香川県","昭和",35,1960,"2)",918867,438924,479943
"38","愛媛県","昭和",35,1960,"2)",1500687,721311,779376
"39","高知県","昭和",35,1960,"2)",854595,411162,443433
"40","福岡県","昭和",35,1960,"2)",4006679,1954636,2052043
"41","佐賀県","昭和",35,1960,"2)",942874,448797,494077
"42","長崎県","昭和",35,1960,"2)",1760421,860623,899798
"43","熊本県","昭和",35,1960,"2)",1856192,887038,969154
"44","大分県","昭和",35,1960,"2)",1239655,590963,648692
"45","宮崎県","昭和",35,1960,"2)",1134590,552285,582305
"46","鹿児島県","昭和",35,1960,"2)",1963104,935282,1027822
"47","沖縄県","昭和",35,1960,"2)",883122,422843,460279
"00","全国","昭和",40,1965,"",99209137,48692138,50516999
"01","北海道","昭和",40,1965,"",5171800,2583159,2588641
"02","青森県","昭和",40,1965,"",1416591,682972,733619
"03","岩手県","昭和",40,1965,"",1411118,679497,731621
"04","宮城県","昭和",40,1965,"",1753126,854043,899083
"05","秋田県","昭和",40,1965,"",1279835,614429,665406
"06","山形県","昭和",40,1965,"",1263103,605185,657918
"07","福島県","昭和",40,1965,"",1983754,954988,1028766
"08","茨城県","昭和",40,1965,"",2056154,1007852,1048302
"09","栃木県","昭和",40,1965,"",1521656,735781,785875
"10","群馬県","昭和",40,1965,"",1605584,778916,826668
"11","埼玉県","昭和",40,1965,"",3014983,1511947,1503036
"12","千葉県","昭和",40,1965,"",2701770,1343167,1358603
"13","東京都","昭和",40,1965,"",10869244,5564583,5304661
"14","神奈川県","昭和",40,1965,"",4430743,2280926,2149817
"15","新潟県","昭和",40,1965,"",2398931,1160283,1238648
"16","富山県","昭和",40,1965,"",1025465,491662,533803
"17","石川県","昭和",40,1965,"",980499,468518,511981
"18","福井県","昭和",40,1965,"",750557,359649,390908
"19","山梨県","昭和",40,1965,"",763194,367739,395455
"20","長野県","昭和",40,1965,"",1958007,937219,1020788
"21","岐阜県","昭和",40,1965,"",1700365,821444,878921
"22","静岡県","昭和",40,1965,"",2912521,1428930,1483591
"23","愛知県","昭和",40,1965,"",4798653,2382085,2416568
"24","三重県","昭和",40,1965,"",1514467,727802,786665
"25","滋賀県","昭和",40,1965,"",853385,409502,443883
"26","京都府","昭和",40,1965,"",2102808,1028073,1074735
"27","大阪府","昭和",40,1965,"",6657189,3355699,3301490
"28","兵庫県","昭和",40,1965,"",4309944,2120749,2189195
"29","奈良県","昭和",40,1965,"",825965,400353,425612
"30","和歌山県","昭和",40,1965,"",1026975,497256,529719
"31","鳥取県","昭和",40,1965,"",579853,275572,304281
"32","島根県","昭和",40,1965,"",821620,393670,427950
"33","岡山県","昭和",40,1965,"",1645135,781418,863717
"34","広島県","昭和",40,1965,"",2281146,1107878,1173268
"35","山口県","昭和",40,1965,"",1543573,740934,802639
"36","徳島県","昭和",40,1965,"",815115,389795,425320
"37","香川県","昭和",40,1965,"",900845,427058,473787
"38","愛媛県","昭和",40,1965,"",1446384,688063,758321
"39","高知県","昭和",40,1965,"",812714,386725,425989
"40","福岡県","昭和",40,1965,"",3964611,1911317,2053294
"41","佐賀県","昭和",40,1965,"",871885,410937,460948
"42","長崎県","昭和",40,1965,"",1641245,788667,852578
"43","熊本県","昭和",40,1965,"",1770736,838584,932152
"44","大分県","昭和",40,1965,"",1187480,559433,628047
"45","宮崎県","昭和",40,1965,"",1080692,517235,563457
"46","鹿児島県","昭和",40,1965,"",1853541,872751,980790
"47","沖縄県","昭和",40,1965,"",934176,447693,486483
"00","全国","昭和",45,1970,"",104665171,51369177,53295994
"0A","人口集中地区","昭和",45,1970,"",55996885,27661724,28335161
"0B","人口集中地区以外の地区","昭和",45,1970,"",48668286,23707453,24960833
"01","北海道","昭和",45,1970,"",5184287,2552806,2631481
"02","青森県","昭和",45,1970,"",1427520,685477,742043
"03","岩手県","昭和",45,1970,"",1371383,658458,712925
"04","宮城県","昭和",45,1970,"",1819223,889036,930187
"05","秋田県","昭和",45,1970,"",1241376,593232,648144
"06","山形県","昭和",45,1970,"",1225618,587515,638103
"07","福島県","昭和",45,1970,"",1946077,936202,1009875
"08","茨城県","昭和",45,1970,"",2143551,1054003,1089548
"09","栃木県","昭和",45,1970,"",1580021,769524,810497
"10","群馬県","昭和",45,1970,"",1658909,808270,850639
"11","埼玉県","昭和",45,1970,"",3866472,1951219,1915253
"12","千葉県","昭和",45,1970,"",3366624,1694854,1671770
"13","東京都","昭和",45,1970,"",11408071,5801009,5607062
"14","神奈川県","昭和",45,1970,"",5472247,2822212,2650035
"15","新潟県","昭和",45,1970,"",2360982,1140148,1220834
"16","富山県","昭和",45,1970,"",1029695,492492,537203
"17","石川県","昭和",45,1970,"",1002420,480380,522040
"18","福井県","昭和",45,1970,"",744230,356639,387591
"19","山梨県","昭和",45,1970,"",762029,366925,395104
"20","長野県","昭和",45,1970,"",1956917,936354,1020563
"21","岐阜県","昭和",45,1970,"",1758954,848786,910168
"22","静岡県","昭和",45,1970,"",3089895,1516642,1573253
"23","愛知県","昭和",45,1970,"",5386163,2694991,2691172
"24","三重県","昭和",45,1970,"",1543083,742461,800622
"25","滋賀県","昭和",45,1970,"",889768,429885,459883
"26","京都府","昭和",45,1970,"",2250087,1102011,1148076
"27","大阪府","昭和",45,1970,"",7620480,3823622,3796858
"28","兵庫県","昭和",45,1970,"",4667928,2299961,2367967
"29","奈良県","昭和",45,1970,"",930160,450668,479492
"30","和歌山県","昭和",45,1970,"",1042736,503202,539534
"31","鳥取県","昭和",45,1970,"",568777,269497,299280
"32","島根県","昭和",45,1970,"",773575,367658,405917
"33","岡山県","昭和",45,1970,"",1707026,819359,887667
"34","広島県","昭和",45,1970,"",2436135,1188270,1247865
"35","山口県","昭和",45,1970,"",1511448,719147,792301
"36","徳島県","昭和",45,1970,"",791111,376729,414382
"37","香川県","昭和",45,1970,"",907897,430773,477124
"38","愛媛県","昭和",45,1970,"",1418124,670980,747144
"39","高知県","昭和",45,1970,"",786882,372014,414868
"40","福岡県","昭和",45,1970,"",4027416,1932033,2095383
"41","佐賀県","昭和",45,1970,"",838468,393631,444837
"42","長崎県","昭和",45,1970,"",1570245,747971,822274
"43","熊本県","昭和",45,1970,"",1700229,798152,902077
"44","大分県","昭和",45,1970,"",1155566,540541,615025
"45","宮崎県","昭和",45,1970,"",1051105,498065,553040
"46","鹿児島県","昭和",45,1970,"",1729150,803980,925170
"47","沖縄県","昭和",45,1970,"",945111,451393,493718
"00","全国","昭和",50,1975,"",111939643,55090673,56848970
"0A","人口集中地区","昭和",50,1975,"",63822648,31574677,32247971
"0B","人口集中地区以外の地区","昭和",50,1975,"",48116995,23515996,24600999
"01","北海道","昭和",50,1975,"",5338206,2621285,2716921
"02","青森県","昭和",50,1975,"",1468646,707232,761414
"03","岩手県","昭和",50,1975,"",1385563,668193,717370
"04","宮城県","昭和",50,1975,"",1955267,960245,995022
"05","秋田県","昭和",50,1975,"",1232481,590492,641989
"06","山形県","昭和",50,1975,"",1220302,586918,633384
"07","福島県","昭和",50,1975,"",1970616,953449,1017167
"08","茨城県","昭和",50,1975,"",2342198,1159707,1182491
"09","栃木県","昭和",50,1975,"",1698003,834794,863209
"10","群馬県","昭和",50,1975,"",1756480,859364,897116
"11","埼玉県","昭和",50,1975,"",4821340,2437128,2384212
"12","千葉県","昭和",50,1975,"",4149147,2095295,2053852
"13","東京都","昭和",50,1975,"",11673554,5913373,5760181
"14","神奈川県","昭和",50,1975,"",6397748,3287118,3110630
"15","新潟県","昭和",50,1975,"",2391938,1160869,1231069
"16","富山県","昭和",50,1975,"",1070791,514991,555800
"17","石川県","昭和",50,1975,"",1069872,518594,551278
"18","福井県","昭和",50,1975,"",773599,373416,400183
"19","山梨県","昭和",50,1975,"",783050,379283,403767
"20","長野県","昭和",50,1975,"",2017564,972471,1045093
"21","岐阜県","昭和",50,1975,"",1867978,907382,960596
"22","静岡県","昭和",50,1975,"",3308799,1627797,1681002
"23","愛知県","昭和",50,1975,"",5923569,2966388,2957181
"24","三重県","昭和",50,1975,"",1626002,787280,838722
"25","滋賀県","昭和",50,1975,"",985621,481733,503888
"26","京都府","昭和",50,1975,"",2424856,1190854,1234002
"27","大阪府","昭和",50,1975,"",8278925,4132495,4146430
"28","兵庫県","昭和",50,1975,"",4992140,2453277,2538863
"29","奈良県","昭和",50,1975,"",1077491,523633,553858
"30","和歌山県","昭和",50,1975,"",1072118,517868,554250
"31","鳥取県","昭和",50,1975,"",581311,277151,304160
"32","島根県","昭和",50,1975,"",768886,367060,401826
"33","岡山県","昭和",50,1975,"",1814305,878132,936173
"34","広島県","昭和",50,1975,"",2646324,1296677,1349647
"35","山口県","昭和",50,1975,"",1555218,743833,811385
"36","徳島県","昭和",50,1975,"",805166,384812,420354
"37","香川県","昭和",50,1975,"",961292,461370,499922
"38","愛媛県","昭和",50,1975,"",1465215,697794,767421
"39","高知県","昭和",50,1975,"",808397,383538,424859
"40","福岡県","昭和",50,1975,"",4292963,2070190,2222773
"41","佐賀県","昭和",50,1975,"",837674,394661,443013
"42","長崎県","昭和",50,1975,"",1571912,750418,821494
"43","熊本県","昭和",50,1975,"",1715273,809998,905275
"44","大分県","昭和",50,1975,"",1190314,561760,628554
"45","宮崎県","昭和",50,1975,"",1085055,515236,569819
"46","鹿児島県","昭和",50,1975,"",1723902,804365,919537
"47","沖縄県","昭和",50,1975,"",1042572,510754,531818
"00","全国","昭和",55,1980,"",117060396,57593769,59466627
"0A","人口集中地区","昭和",55,1980,"",69934854,34530429,35404425
"0B","人口集中地区以外の地区","昭和",55,1980,"",47125542,23063340,24062202
"01","北海道","昭和",55,1980,"",5575989,2737089,2838900
"02","青森県","昭和",55,1980,"",1523907,735444,788463
"03","岩手県","昭和",55,1980,"",1421927,688460,733467
"04","宮城県","昭和",55,1980,"",2082320,1025903,1056417
"05","秋田県","昭和",55,1980,"",1256745,603403,653342
"06","山形県","昭和",55,1980,"",1251917,605407,646510
"07","福島県","昭和",55,1980,"",2035272,990575,1044697
"08","茨城県","昭和",55,1980,"",2558007,1272533,1285474
"09","栃木県","昭和",55,1980,"",1792201,885573,906628
"10","群馬県","昭和",55,1980,"",1848562,908871,939691
"11","埼玉県","昭和",55,1980,"",5420480,2739175,2681305
"12","千葉県","昭和",55,1980,"",4735424,2383157,2352267
"13","東京都","昭和",55,1980,"",11618281,5856280,5762001
"14","神奈川県","昭和",55,1980,"",6924348,3536021,3388327
"15","新潟県","昭和",55,1980,"",2451357,1193653,1257704
"16","富山県","昭和",55,1980,"",1103459,532686,570773
"17","石川県","昭和",55,1980,"",1119304,542782,576522
"18","福井県","昭和",55,1980,"",794354,384269,410085
"19","山梨県","昭和",55,1980,"",804256,391649,412607
"20","長野県","昭和",55,1980,"",2083934,1008885,1075049
"21","岐阜県","昭和",55,1980,"",1960107,954018,1006089
"22","静岡県","昭和",55,1980,"",3446804,1695778,1751026
"23","愛知県","昭和",55,1980,"",6221638,3112306,3109332
"24","三重県","昭和",55,1980,"",1686936,817578,869358
"25","滋賀県","昭和",55,1980,"",1079898,529208,550690
"26","京都府","昭和",55,1980,"",2527330,1238365,1288965
"27","大阪府","昭和",55,1980,"",8473446,4203838,4269608
"28","兵庫県","昭和",55,1980,"",5144892,2512358,2632534
"29","奈良県","昭和",55,1980,"",1209365,587067,622298
"30","和歌山県","昭和",55,1980,"",1087012,523467,563545
"31","鳥取県","昭和",55,1980,"",604221,289946,314275
"32","島根県","昭和",55,1980,"",784795,377499,407296
"33","岡山県","昭和",55,1980,"",1871023,905477,965546
"34","広島県","昭和",55,1980,"",2739161,1336806,1402355
"35","山口県","昭和",55,1980,"",1587079,759255,827824
"36","徳島県","昭和",55,1980,"",825261,395994,429267
"37","香川県","昭和",55,1980,"",999864,481104,518760
"38","愛媛県","昭和",55,1980,"",1506637,718517,788120
"39","高知県","昭和",55,1980,"",831275,396418,434857
"40","福岡県","昭和",55,1980,"",4553461,2200450,2353011
"41","佐賀県","昭和",55,1980,"",865574,410912,454662
"42","長崎県","昭和",55,1980,"",1590564,758374,832190
"43","熊本県","昭和",55,1980,"",1790327,850831,939496
"44","大分県","昭和",55,1980,"",1228913,583097,645816
"45","宮崎県","昭和",55,1980,"",1151587,550207,601380
"46","鹿児島県","昭和",55,1980,"",1784623,839392,945231
"47","沖縄県","昭和",55,1980,"",1106559,543692,562867
"00","全国","昭和",60,1985,"",121048923,59497316,61551607
"0A","人口集中地区","昭和",60,1985,"",73344121,36173221,37170900
"0B","人口集中地区以外の地区","昭和",60,1985,"",47704802,23324095,24380707
"01","北海道","昭和",60,1985,"",5679439,2766296,2913143
"02","青森県","昭和",60,1985,"",1524448,731439,793009
"03","岩手県","昭和",60,1985,"",1433611,691740,741871
"04","宮城県","昭和",60,1985,"",2176295,1071741,1104554
"05","秋田県","昭和",60,1985,"",1254032,599591,654441
"06","山形県","昭和",60,1985,"",1261662,609417,652245
"07","福島県","昭和",60,1985,"",2080304,1012456,1067848
"08","茨城県","昭和",60,1985,"",2725005,1357963,1367042
"09","栃木県","昭和",60,1985,"",1866066,924221,941845
"10","群馬県","昭和",60,1985,"",1921259,947013,974246
"11","埼玉県","昭和",60,1985,"",5863678,2961591,2902087
"12","千葉県","昭和",60,1985,"",5148163,2588365,2559798
"13","東京都","昭和",60,1985,"",11829363,5955029,5874334
"14","神奈川県","昭和",60,1985,"",7431974,3804081,3627893
"15","新潟県","昭和",60,1985,"",2478470,1205071,1273399
"16","富山県","昭和",60,1985,"",1118369,538955,579414
"17","石川県","昭和",60,1985,"",1152325,557664,594661
"18","福井県","昭和",60,1985,"",817633,397115,420518
"19","山梨県","昭和",60,1985,"",832832,407910,424922
"20","長野県","昭和",60,1985,"",2136927,1038070,1098857
"21","岐阜県","昭和",60,1985,"",2028536,986919,1041617
"22","静岡県","昭和",60,1985,"",3574692,1759455,1815237
"23","愛知県","昭和",60,1985,"",6455172,3228724,3226448
"24","三重県","昭和",60,1985,"",1747311,847420,899891
"25","滋賀県","昭和",60,1985,"",1155844,568735,587109
"26","京都府","昭和",60,1985,"",2586574,1264035,1322539
"27","大阪府","昭和",60,1985,"",8668095,4286445,4381650
"28","兵庫県","昭和",60,1985,"",5278050,2567814,2710236
"29","奈良県","昭和",60,1985,"",1304866,632955,671911
"30","和歌山県","昭和",60,1985,"",1087206,520172,567034
"31","鳥取県","昭和",60,1985,"",616024,295511,320513
"32","島根県","昭和",60,1985,"",794629,382893,411736
"33","岡山県","昭和",60,1985,"",1916906,926238,990668
"34","広島県","昭和",60,1985,"",2819200,1373853,1445347
"35","山口県","昭和",60,1985,"",1601627,763803,837824
"36","徳島県","昭和",60,1985,"",834889,399689,435200
"37","香川県","昭和",60,1985,"",1022569,492696,529873
"38","愛媛県","昭和",60,1985,"",1529983,728506,801477
"39","高知県","昭和",60,1985,"",839784,398408,441376
"40","福岡県","昭和",60,1985,"",4719259,2270496,2448763
"41","佐賀県","昭和",60,1985,"",880013,417308,462705
"42","長崎県","昭和",60,1985,"",1593968,757617,836351
"43","熊本県","昭和",60,1985,"",1837747,872932,964815
"44","大分県","昭和",60,1985,"",1250214,593014,657200
"45","宮崎県","昭和",60,1985,"",1175543,558355,617188
"46","鹿児島県","昭和",60,1985,"",1819270,856493,962777
"47","沖縄県","昭和",60,1985,"",1179097,581102,597995
"00","全国","平成",2,1990,"",123611167,60696724,62914443
"0A","人口集中地区","平成",2,1990,"",78152452,38564229,39588223
"0B","人口集中地区以外の地区","平成",2,1990,"",45458715,22132495,23326220
"01","北海道","平成",2,1990,"",5643647,2722988,2920659
"02","青森県","平成",2,1990,"",1482873,704758,778115
"03","岩手県","平成",2,1990,"",1416928,680197,736731
"04","宮城県","平成",2,1990,"",2248558,1105103,1143455
"05","秋田県","平成",2,1990,"",1227478,584678,642800
"06","山形県","平成",2,1990,"",1258390,607041,651349
"07","福島県","平成",2,1990,"",2104058,1024354,1079704
"08","茨城県","平成",2,1990,"",2845382,1419117,1426265
"09","栃木県","平成",2,1990,"",1935168,962571,972597
"10","群馬県","平成",2,1990,"",1966265,971704,994561
"11","埼玉県","平成",2,1990,"",6405319,3245868,3159451
"12","千葉県","平成",2,1990,"",5555429,2802774,2752655
"13","東京都","平成",2,1990,"",11855563,5969773,5885790
"14","神奈川県","平成",2,1990,"",7980391,4098147,3882244
"15","新潟県","平成",2,1990,"",2474583,1200376,1274207
"16","富山県","平成",2,1990,"",1120161,538640,581521
"17","石川県","平成",2,1990,"",1164628,562684,601944
"18","福井県","平成",2,1990,"",823585,400391,423194
"19","山梨県","平成",2,1990,"",852966,418701,434265
"20","長野県","平成",2,1990,"",2156627,1048109,1108518
"21","岐阜県","平成",2,1990,"",2066569,1003933,1062636
"22","静岡県","平成",2,1990,"",3670840,1808951,1861889
"23","愛知県","平成",2,1990,"",6690603,3354827,3335776
"24","三重県","平成",2,1990,"",1792514,869515,922999
"25","滋賀県","平成",2,1990,"",1222411,601082,621329
"26","京都府","平成",2,1990,"",2602460,1267620,1334840
"27","大阪府","平成",2,1990,"",8734516,4308184,4426332
"28","兵庫県","平成",2,1990,"",5405040,2619692,2785348
"29","奈良県","平成",2,1990,"",1375481,663591,711890
"30","和歌山県","平成",2,1990,"",1074325,510777,563548
"31","鳥取県","平成",2,1990,"",615722,294899,320823
"32","島根県","平成",2,1990,"",781021,373618,407403
"33","岡山県","平成",2,1990,"",1925877,926721,999156
"34","広島県","平成",2,1990,"",2849847,1385297,1464550
"35","山口県","平成",2,1990,"",1572616,744844,827772
"36","徳島県","平成",2,1990,"",831598,395906,435692
"37","香川県","平成",2,1990,"",1023412,491621,531791
"38","愛媛県","平成",2,1990,"",1515025,716940,798085
"39","高知県","平成",2,1990,"",825034,389063,435971
"40","福岡県","平成",2,1990,"",4811050,2303487,2507563
"41","佐賀県","平成",2,1990,"",877851,414673,463178
"42","長崎県","平成",2,1990,"",1562959,736729,826230
"43","熊本県","平成",2,1990,"",1840326,869441,970885
"44","大分県","平成",2,1990,"",1236942,584672,652270
"45","宮崎県","平成",2,1990,"",1168907,551524,617383
"46","鹿児島県","平成",2,1990,"",1797824,842474,955350
"47","沖縄県","平成",2,1990,"",1222398,598669,623729
"00","全国","平成",7,1995,"",125570246,61574398,63995848
"0A","人口集中地区","平成",7,1995,"",81254670,40027402,41227268
"0B","人口集中地区以外の地区","平成",7,1995,"",44315576,21546996,22768580
"01","北海道","平成",7,1995,"",5692321,2736844,2955477
"02","青森県","平成",7,1995,"",1481663,704189,777474
"03","岩手県","平成",7,1995,"",1419505,681986,737519
"04","宮城県","平成",7,1995,"",2328739,1144739,1184000
"05","秋田県","平成",7,1995,"",1213667,577535,636132
"06","山形県","平成",7,1995,"",1256958,607316,649642
"07","福島県","平成",7,1995,"",2133592,1042030,1091562
"08","茨城県","平成",7,1995,"",2955530,1476437,1479093
"09","栃木県","平成",7,1995,"",1984390,987426,996964
"10","群馬県","平成",7,1995,"",2003540,989610,1013930
"11","埼玉県","平成",7,1995,"",6759311,3419218,3340093
"12","千葉県","平成",7,1995,"",5797782,2923839,2873943
"13","東京都","平成",7,1995,"",11773605,5892704,5880901
"14","神奈川県","平成",7,1995,"",8245900,4209525,4036375
"15","新潟県","平成",7,1995,"",2488364,1209833,1278531
"16","富山県","平成",7,1995,"",1123125,540921,582204
"17","石川県","平成",7,1995,"",1180068,570835,609233
"18","福井県","平成",7,1995,"",826996,401860,425136
"19","山梨県","平成",7,1995,"",881996,434707,447289
"20","長野県","平成",7,1995,"",2193984,1070471,1123513
"21","岐阜県","平成",7,1995,"",2100315,1019549,1080766
"22","静岡県","平成",7,1995,"",3737689,1841947,1895742
"23","愛知県","平成",7,1995,"",6868336,3439180,3429156
"24","三重県","平成",7,1995,"",1841358,893982,947376
"25","滋賀県","平成",7,1995,"",1287005,634648,652357
"26","京都府","平成",7,1995,"",2629592,1276838,1352754
"27","大阪府","平成",7,1995,"",8797268,4321575,4475693
"28","兵庫県","平成",7,1995,"",5401877,2612369,2789508
"29","奈良県","平成",7,1995,"",1430862,688741,742121
"30","和歌山県","平成",7,1995,"",1080435,513450,566985
"31","鳥取県","平成",7,1995,"",614929,294414,320515
"32","島根県","平成",7,1995,"",771441,368789,402652
"33","岡山県","平成",7,1995,"",1950750,938439,1012311
"34","広島県","平成",7,1995,"",2881748,1398986,1482762
"35","山口県","平成",7,1995,"",1555543,736555,818988
"36","徳島県","平成",7,1995,"",832427,395636,436791
"37","香川県","平成",7,1995,"",1027006,493482,533524
"38","愛媛県","平成",7,1995,"",1506700,712518,794182
"39","高知県","平成",7,1995,"",816704,384446,432258
"40","福岡県","平成",7,1995,"",4933393,2357525,2575868
"41","佐賀県","平成",7,1995,"",884316,418666,465650
"42","長崎県","平成",7,1995,"",1544934,726894,818040
"43","熊本県","平成",7,1995,"",1859793,879873,979920
"44","大分県","平成",7,1995,"",1231306,581909,649397
"45","宮崎県","平成",7,1995,"",1175819,556245,619574
"46","鹿児島県","平成",7,1995,"",1794224,840980,953244
"47","沖縄県","平成",7,1995,"",1273440,624737,648703
"00","全国","平成",12,2000,"",126925843,62110764,64815079
"0A","人口集中地区","平成",12,2000,"",82809682,40709080,42100602
"0B","人口集中地区以外の地区","平成",12,2000,"",44116161,21401684,22714477
"01","北海道","平成",12,2000,"",5683062,2719389,2963673
"02","青森県","平成",12,2000,"",1475728,702573,773155
"03","岩手県","平成",12,2000,"",1416180,681238,734942
"04","宮城県","平成",12,2000,"",2365320,1158622,1206698
"05","秋田県","平成",12,2000,"",1189279,564556,624723
"06","山形県","平成",12,2000,"",1244147,601372,642775
"07","福島県","平成",12,2000,"",2126935,1037787,1089148
"08","茨城県","平成",12,2000,"",2985676,1488340,1497336
"09","栃木県","平成",12,2000,"",2004817,995859,1008958
"10","群馬県","平成",12,2000,"",2024852,999349,1025503
"11","埼玉県","平成",12,2000,"",6938006,3500224,3437782
"12","千葉県","平成",12,2000,"",5926285,2976984,2949301
"13","東京都","平成",12,2000,"",12064101,6028562,6035539
"14","神奈川県","平成",12,2000,"",8489974,4308786,4181188
"15","新潟県","平成",12,2000,"",2475733,1202004,1273729
"16","富山県","平成",12,2000,"",1120851,540212,580639
"17","石川県","平成",12,2000,"",1180977,572244,608733
"18","福井県","平成",12,2000,"",828944,402367,426577
"19","山梨県","平成",12,2000,"",888172,436837,451335
"20","長野県","平成",12,2000,"",2215168,1080986,1134182
"21","岐阜県","平成",12,2000,"",2107700,1022186,1085514
"22","静岡県","平成",12,2000,"",3767393,1857031,1910362
"23","愛知県","平成",12,2000,"",7043300,3525698,3517602
"24","三重県","平成",12,2000,"",1857339,901380,955959
"25","滋賀県","平成",12,2000,"",1342832,663432,679400
"26","京都府","平成",12,2000,"",2644391,1278142,1366249
"27","大阪府","平成",12,2000,"",8805081,4304059,4501022
"28","兵庫県","平成",12,2000,"",5550574,2674625,2875949
"29","奈良県","平成",12,2000,"",1442795,691098,751697
"30","和歌山県","平成",12,2000,"",1069912,506882,563030
"31","鳥取県","平成",12,2000,"",613289,293403,319886
"32","島根県","平成",12,2000,"",761503,363994,397509
"33","岡山県","平成",12,2000,"",1950828,936044,1014784
"34","広島県","平成",12,2000,"",2878915,1392496,1486419
"35","山口県","平成",12,2000,"",1527964,722683,805281
"36","徳島県","平成",12,2000,"",824108,391718,432390
"37","香川県","平成",12,2000,"",1022890,491761,531129
"38","愛媛県","平成",12,2000,"",1493092,704289,788803
"39","高知県","平成",12,2000,"",813949,383859,430090
"40","福岡県","平成",12,2000,"",5015699,2388824,2626875
"41","佐賀県","平成",12,2000,"",876654,414377,462277
"42","長崎県","平成",12,2000,"",1516523,712346,804177
"43","熊本県","平成",12,2000,"",1859344,878145,981199
"44","大分県","平成",12,2000,"",1221140,575985,645155
"45","宮崎県","平成",12,2000,"",1170007,552160,617847
"46","鹿児島県","平成",12,2000,"",1786194,837979,948215
"47","沖縄県","平成",12,2000,"",1318220,647877,670343
"00","全国","平成",17,2005,"",127767994,62348977,65419017
"0A","人口集中地区","平成",17,2005,"",84331415,41327595,43003820
"0B","人口集中地区以外の地区","平成",17,2005,"",43436579,21021382,22415197
"01","北海道","平成",17,2005,"",5627737,2675033,2952704
"02","青森県","平成",17,2005,"",1436657,679077,757580
"03","岩手県","平成",17,2005,"",1385041,663580,721461
"04","宮城県","平成",17,2005,"",2360218,1149172,1211046
"05","秋田県","平成",17,2005,"",1145501,540539,604962
"06","山形県","平成",17,2005,"",1216181,585023,631158
"07","福島県","平成",17,2005,"",2091319,1016724,1074595
"08","茨城県","平成",17,2005,"",2975167,1479941,1495226
"09","栃木県","平成",17,2005,"",2016631,1002114,1014517
"10","群馬県","平成",17,2005,"",2024135,996346,1027789
"11","埼玉県","平成",17,2005,"",7054243,3554843,3499400
"12","千葉県","平成",17,2005,"",6056462,3029486,3026976
"13","東京都","平成",17,2005,"",12576601,6264895,6311706
"14","神奈川県","平成",17,2005,"",8791597,4444555,4347042
"15","新潟県","平成",17,2005,"",2431459,1176919,1254540
"16","富山県","平成",17,2005,"",1111729,535617,576112
"17","石川県","平成",17,2005,"",1174026,567060,606966
"18","福井県","平成",17,2005,"",821592,397271,424321
"19","山梨県","平成",17,2005,"",884515,433569,450946
"20","長野県","平成",17,2005,"",2196114,1068203,1127911
"21","岐阜県","平成",17,2005,"",2107226,1020570,1086656
"22","静岡県","平成",17,2005,"",3792377,1868458,1923919
"23","愛知県","平成",17,2005,"",7254704,3638994,3615710
"24","三重県","平成",17,2005,"",1866963,907214,959749
"25","滋賀県","平成",17,2005,"",1380361,681474,698887
"26","京都府","平成",17,2005,"",2647660,1272993,1374667
"27","大阪府","平成",17,2005,"",8817166,4280622,4536544
"28","兵庫県","平成",17,2005,"",5590601,2680288,2910313
"29","奈良県","平成",17,2005,"",1421310,676375,744935
"30","和歌山県","平成",17,2005,"",1035969,488022,547947
"31","鳥取県","平成",17,2005,"",607012,290190,316822
"32","島根県","平成",17,2005,"",742223,353703,388520
"33","岡山県","平成",17,2005,"",1957264,938600,1018664
"34","広島県","平成",17,2005,"",2876642,1390190,1486452
"35","山口県","平成",17,2005,"",1492606,703721,788885
"36","徳島県","平成",17,2005,"",809950,384635,425315
"37","香川県","平成",17,2005,"",1012400,486108,526292
"38","愛媛県","平成",17,2005,"",1467815,691677,776138
"39","高知県","平成",17,2005,"",796292,374435,421857
"40","福岡県","平成",17,2005,"",5049908,2394094,2655814
"41","佐賀県","平成",17,2005,"",866369,408230,458139
"42","長崎県","平成",17,2005,"",1478632,691444,787188
"43","熊本県","平成",17,2005,"",1842233,866916,975317
"44","大分県","平成",17,2005,"",1209571,569796,639775
"45","宮崎県","平成",17,2005,"",1153042,542113,610929
"46","鹿児島県","平成",17,2005,"",1753179,819646,933533
"47","沖縄県","平成",17,2005,"",1361594,668502,693092
"00","全国","平成",22,2010,"",128057352,62327737,65729615
"0A","人口集中地区","平成",22,2010,"",86121462,42051390,44070072
"0B","人口集中地区以外の地区","平成",22,2010,"",41935890,20276347,21659543
"01","北海道","平成",22,2010,"",5506419,2603345,2903074
"02","青森県","平成",22,2010,"",1373339,646141,727198
"03","岩手県","平成",22,2010,"",1330147,634971,695176
"04","宮城県","平成",22,2010,"",2348165,1139566,1208599
"05","秋田県","平成",22,2010,"",1085997,509926,576071
"06","山形県","平成",22,2010,"",1168924,560643,608281
"07","福島県","平成",22,2010,"",2029064,984682,1044382
"08","茨城県","平成",22,2010,"",2969770,1479779,1489991
"09","栃木県","平成",22,2010,"",2007683,996855,1010828
"10","群馬県","平成",22,2010,"",2008068,988019,1020049
"11","埼玉県","平成",22,2010,"",7194556,3608711,3585845
"12","千葉県","平成",22,2010,"",6216289,3098139,3118150
"13","東京都","平成",22,2010,"",13159388,6512110,6647278
"14","神奈川県","平成",22,2010,"",9048331,4544545,4503786
"15","新潟県","平成",22,2010,"",2374450,1148236,1226214
"16","富山県","平成",22,2010,"",1093247,526605,566642
"17","石川県","平成",22,2010,"",1169788,564972,604816
"18","福井県","平成",22,2010,"",806314,389712,416602
"19","山梨県","平成",22,2010,"",863075,422526,440549
"20","長野県","平成",22,2010,"",2152449,1046178,1106271
"21","岐阜県","平成",22,2010,"",2080773,1006247,1074526
"22","静岡県","平成",22,2010,"",3765007,1853952,1911055
"23","愛知県","平成",22,2010,"",7410719,3704220,3706499
"24","三重県","平成",22,2010,"",1854724,903398,951326
"25","滋賀県","平成",22,2010,"",1410777,696769,714008
"26","京都府","平成",22,2010,"",2636092,1265387,1370705
"27","大阪府","平成",22,2010,"",8865245,4285566,4579679
"28","兵庫県","平成",22,2010,"",5588133,2673328,2914805
"29","奈良県","平成",22,2010,"",1400728,663321,737407
"30","和歌山県","平成",22,2010,"",1002198,471397,530801
"31","鳥取県","平成",22,2010,"",588667,280701,307966
"32","島根県","平成",22,2010,"",717397,342991,374406
"33","岡山県","平成",22,2010,"",1945276,933168,1012108
"34","広島県","平成",22,2010,"",2860750,1380671,1480079
"35","山口県","平成",22,2010,"",1451338,684176,767162
"36","徳島県","平成",22,2010,"",785491,372710,412781
"37","香川県","平成",22,2010,"",995842,479951,515891
"38","愛媛県","平成",22,2010,"",1431493,673326,758167
"39","高知県","平成",22,2010,"",764456,359134,405322
"40","福岡県","平成",22,2010,"",5071968,2393965,2678003
"41","佐賀県","平成",22,2010,"",849788,400136,449652
"42","長崎県","平成",22,2010,"",1426779,665899,760880
"43","熊本県","平成",22,2010,"",1817426,853514,963912
"44","大分県","平成",22,2010,"",1196529,564890,631639
"45","宮崎県","平成",22,2010,"",1135233,533035,602198
"46","鹿児島県","平成",22,2010,"",1706242,796896,909346
"47","沖縄県","平成",22,2010,"",1392818,683328,709490
"00","全国","平成",27,2015,"",127094745,61841738,65253007
"0A","人口集中地区","平成",27,2015,"",86868176,42363423,44504753
"0B","人口集中地区以外の地区","平成",27,2015,"",40226569,19478315,20748254
"01","北海道","平成",27,2015,"",5381733,2537089,2844644
"02","青森県","平成",27,2015,"",1308265,614694,693571
"03","岩手県","平成",27,2015,"",1279594,615584,664010
"04","宮城県","平成",27,2015,"",2333899,1140167,1193732
"05","秋田県","平成",27,2015,"",1023119,480336,542783
"06","山形県","平成",27,2015,"",1123891,540226,583665
"07","福島県","平成",27,2015,"",1914039,945660,968379
"08","茨城県","平成",27,2015,"",2916976,1453594,1463382
"09","栃木県","平成",27,2015,"",1974255,981626,992629
"10","群馬県","平成",27,2015,"",1973115,973283,999832
"11","埼玉県","平成",27,2015,"",7266534,3628418,3638116
"12","千葉県","平成",27,2015,"",6222666,3095860,3126806
"13","東京都","平成",27,2015,"",13515271,6666690,6848581
"14","神奈川県","平成",27,2015,"",9126214,4558978,4567236
"15","新潟県","平成",27,2015,"",2304264,1115413,1188851
"16","富山県","平成",27,2015,"",1066328,515147,551181
"17","石川県","平成",27,2015,"",1154008,558589,595419
"18","福井県","平成",27,2015,"",786740,381474,405266
"19","山梨県","平成",27,2015,"",834930,408327,426603
"20","長野県","平成",27,2015,"",2098804,1022129,1076675
"21","岐阜県","平成",27,2015,"",2031903,983850,1048053
"22","静岡県","平成",27,2015,"",3700305,1820993,1879312
"23","愛知県","平成",27,2015,"",7483128,3740844,3742284
"24","三重県","平成",27,2015,"",1815865,883516,932349
"25","滋賀県","平成",27,2015,"",1412916,696941,715975
"26","京都府","平成",27,2015,"",2610353,1248972,1361381
"27","大阪府","平成",27,2015,"",8839469,4256049,4583420
"28","兵庫県","平成",27,2015,"",5534800,2641561,2893239
"29","奈良県","平成",27,2015,"",1364316,643946,720370
"30","和歌山県","平成",27,2015,"",963579,453216,510363
"31","鳥取県","平成",27,2015,"",573441,273705,299736
"32","島根県","平成",27,2015,"",694352,333112,361240
"33","岡山県","平成",27,2015,"",1921525,922226,999299
"34","広島県","平成",27,2015,"",2843990,1376211,1467779
"35","山口県","平成",27,2015,"",1404729,665008,739721
"36","徳島県","平成",27,2015,"",755733,359790,395943
"37","香川県","平成",27,2015,"",976263,472308,503955
"38","愛媛県","平成",27,2015,"",1385262,654380,730882
"39","高知県","平成",27,2015,"",728276,342672,385604
"40","福岡県","平成",27,2015,"",5101556,2410418,2691138
"41","佐賀県","平成",27,2015,"",832832,393073,439759
"42","長崎県","平成",27,2015,"",1377187,645763,731424
"43","熊本県","平成",27,2015,"",1786170,841046,945124
"44","大分県","平成",27,2015,"",1166338,551932,614406
"45","宮崎県","平成",27,2015,"",1104069,519242,584827
"46","鹿児島県","平成",27,2015,"",1648177,773061,875116
"47","沖縄県","平成",27,2015,"",1433566,704619,728947
"1)　沖縄県は調査されなかったため，含まれていない。"
"2)　長野県西筑摩群山口村と岐阜県中津川市の境界紛争地域人口（男39人，女34人）は全国に含まれているが，長野県及び岐阜県のいずれにも含まれていない。"